armor,health,level,progress
 , , , 
 , , , 
 , , , 
 , , , 
 , , , 
 , , , 
 , , , 
 , , , 
 , , , 
 , , , 
 , , , 
 , , , 
,,,
,,,
,,H w IT,iI
I 0% 1,II,  4 LI A1 ,
0%,100%,Em   it,
0%,100%,m V1 ,
0%,100%,,e vIllIIlllI
0%,100%, v 4ijh l 4,L  
0%,100%,n        ,
0%,100%,i    0  ,   2 3 52 
0%,100%,u i       f,hvnnat
0%,100%,,I
0%,100%, ziM,
0%,100%,L114qu,llklijlthl
0%,100%,Illg,IIIJnufq
0%,100%,  ,
,100%T,, l m w Iw
W4,IJH,00 Entryway,FINISHED
WA,r524,00 Entryway,FINISHED
WW,1w,ENTERING,01Underhalls
MMQ,WM,  5%    J,
IEMtazvo,IlOrrfWo,,
0%,100%,5 T2 1 i ,
0%,100%,5335K  iijug,
0%,100%,,Idliwffixi  nLlP Zl
0%,100%,IIII M,lIIIIfFS N r kY 77 W
0%,100%,, 2 5   5 7 2 55 6 1% 3v%25 i1 %hu
0%,100%,35513211 5 64909   fry  I51 v ,hmhm
0%,100%, 1       1    Ail 3  1 ffzifE b, 12 1313
0%,100%,,
0%,100%,,x
0%,100%,, 5 Naigfvffjhu313
0%,94%,,A
0%,94%,in V n w V     Qiftifgf i   ,H
0%,94%,,
0%,82%,bittsnzi     lrE  wT f ,
0%,82%,,Lakihwg
0%,82%,2M P,le 
2%,82%, sffmji 3 m,
2%,100%, arm,
2%,100%,mnm AMI,
2%,100%,,Mk
5%,100%,,  w r x f    IIIWEWWl
5%,100%,mmm II,
5%,100%,gmmlr,a
5%,100%,mmmmv,
5%,100%, 414 11    A,
3%,96%,H1,
3%,96%,,yJi
3%,96%,JV,n h m
3%,96%, It      c   Ii1    i I      f, I L
3%,96%,ii,I
3%,96%,j,I
3%,96%,ill,mi
3%,96%,WELLTWZ m1   ff ,imzidw g r m  3ql
3%,96%,mm I, 1 r  Ivh1 vW r  I
3%,96%,mm I,
3%,96%,mm A,
3%,96%,mm A,
0%,84%,I7,
0%,84%,,I  I
0%,84%,I f f   I,
0%,84%,         ,
0%,84%,   WF,
0%,84%,,
0%,84%,  A,I
0%,69%,RCA,
0%,69%,  JG,
0%,69%,M,
0%,69%,A ll,
0%,69%,THC IIIU I IUII,mm  m  IX
0%,69%,,
0%,69%,THC DUI I IUII,
0%,69%,,
0%,69%,M 4m,QWHMBETJWW
0%,69%,u,i
0%,69%,,
0%,69%,,
0%,69%,ill,MID
0%,69%,A,l
0%,69%,,A
0%,69%,l,ll
0%,69%,g 5 2w    gear ,3 45 1  3  1 I 
0%,69%,, i 
0%,69%,,
0%,69%,,
0%,69%,,hKivht vf aiEg
0%,69%,I,wr
0%,69%,,a3723i%%%   % 3%% f
0%,69%,   Al,
0%,69%,,    A    AllMHIII
0%,69%,, 
0%,99%,,
0%,99%,,lawwfgxl
0%,99%,mm A, MWW
0%,99%,SW 4,
0%,99%,l m Alr  fir,
0%,93%,meIumu    V, I lllEiu 
0%,93%, , 5 r l 
0%,54%,,l 
0%,IIT5404II,,r
WT,lit,01 Underhalls,FINISHED
mg ,HIM,01 Underhalls,FINISHED
mg ,fellllj,01 Underhalls,FINISHED
WW5,1w,ENTERING,02TheGantlet
lTPEvlLrE,QWM,     WWI,EM E H
e0qu,llilullllllrtu, ZWW,
0%,54%,II,I 
0%,54%,,
0%,54%,,1  
0%,54%,,HITJ
0%,54%,,HQWMMM
0%,54%,yin Al,m I
0%,79%,, IH 
0%,79%,,Vlulu
0%,79%, Imn ,
0%,79%,,I ul  E
0%,79%,I  %%3,IIIIHFN
0%,79%,  I Nd r3,IHFNKI
0%,79%,,
0%,79%,,
0%,79%,,i7
0%,79%,,IIHIIITIL
0%,79%,,
200%,79%,Imm   7,Ill  qfr1vv m
200%,179%, ,
200%,179%,Iml 5  ,I
197%,176%,    W A,In
192%,169%,,1 i 
173%,149%,v   a  ZI1i,
173%,149%,,ra lu s  U 
166%,141%,,
162%,136%,,
161%,134%,mic   II,IIJJJMT EIJ  
158%,131%,,
158%,131%,,
158%,131%,,
158%,131%,,
158%,131%,    7%ilml ,
154%,126%,V  y ALE,   m FJ l
154%,126%,,
154%,126%,1  , id
154%,126%,,i
154%,126%,,
154%,126%,wm w   A,
154%,126%,,iigmirgigggmE
154%,126%,I H ,ELITH
151%,123%,W W  A,
145%,114%,,
139%,108%,,
139%,108%,f uk    a Qggiig is, 1
139%,108%,  b   3 ,Cnciji EazE v Titugv
139%,108%,  h,i
139%,108%,P m  A,I w  w
139%,108%,W  t Jia izma, TMeiiffjlllfiul
139%,108%,a cl 1,
139%,108%,,
139%,108%,,
139%,108%,,
139%,108%,,
139%,108%,HT 3,iw 
139%,108%,,mg
139%,108%,II 1 K l 5 l ll  M El I    ,WIWHHJLIII
139%,108%,3   ,I
139%,108%,,
139%,108%,    wrymii,
139%,108%,H A Ez T  ,HFVWT
139%,108%, , 
139%,108%,E5  wmw , mijil  meAiT  Vg z II 
1137M,168%,t ,n
M111,MILES,02 The Gantlet,FINISHED
mg,rm,02 The Gantlet,FINISHED
mg,tum,02 The Gantlet,FINISHED
mg,tum,02 The Gantlet,FINISHED
mg,tum,02 The Gantlet,FINISHED
WW5,1w,ENTERING,03TheFocus
thIk  4 fr53 3 ,WW,u Ml,hi4th
13m,I08%,L EVI,IM 
139%,108%,L ml,mum
139%,108%,hL,Emk
139%,108%,l,AI
133%,102%,I,
121%,90%,iEFIINg,FiiiEEliiii
121%,90%,I,luller
107%,74%,In,
106%,72%,I,  
95%,59%, ,
95%,59%,,
94%,57%,,
90%,52%,k Itl,
90%,52%,h,EQAJ 
90%,52%,,EW  EIc lN
90%,52%,  I SEQ,I34
90%,52%,      n,  3
90%,52%,n  I g i E,
90%,52%,,IIIVFM 4 35  
90%,52%,,IIJEJOQI
95%,52%, N,IDZWWEW
95%,52%,,
95%,52%,,
92%,49%,t j T tfxflf,Igggggiyllw
92%,49%,II HL,r111
92%,49%,l  , 
92%,49%,,I
92%,49%,I,55 
92%,49%, 1 3  3 1 2     iEIititWIJEJ      592 21 h  f1,Ig 
92%,49%, ,MA
92%,52%,CT,v
92%,52%,H m1,
92%,52%,  53 ,
92%,52%,n ,
92%,52%,II 121%,IIII
92%,52%, ,iIl
83%,43%,a i  7 I 1II,LJEII
83%,45%,H A ,
74%,38%,,
74%,40%,HIIA,  zz iung
74%,40%,,MTG
74%,40%,THE 1, E 
74%,40%,Wm EFF, 
74%,40%,,aIMIHme
74%,40%,T  l fn 9 g  ,HWW1
74%,40%,mmt  ,II
68%,34%, ,I
68%,34%,,
70%,34%,Fm,
70%,34%,i,
71%,34%, u1cr l ,N
71%,34%,,liffhjlhuwlLilmishallninwrrrjlviiiill
71%,34%,Nmf L,
71%,34%,,
71%,34%,,
71%,34%,,rafnyINFLI3Iflig11IM3Ewiilnziggfrr
71%,34%,,MLiIV1 vt 1 f i   fEEE 
71% ,34%,ii, 
Ilium,Hall,03 The Focus,FINISHED
mg  ,,03 The Focus,FINISHED
mg  ,In,03 The Focus,FINISHED
mg  ,TERM,03 The Focus,FINISHED
WNL,1w,ENTERINEW,04TMansteer1Wls
Innlllrllu,,,
71%,34%,,
71%,34%,,
71%,134%,,
71%,134%,,
71%,134%,TTI,AlI
71%,134%,m,I V   
71%,134%,mi zi I T I  g  I f2 r  w   Ir,H
71%,134%,rum  ,an
71%,134%,,r 
71%,134%,,
71%,134%,, 
71%,134%,,I
65%,128%,,
62%,125%,v o   l I,IT
62%,125%,mm,
62%,125%,,
61%,123%,,
58%,120%,,
55%,117%,,
51%,112%,  u tLlF  ,uni
51%,112%,,mryji fhvg rfI JfEdgf
51%,112%,Qir3gi z553s  ie  K,
51%,112%,  VT2 I,
51%,112%,I I  wi,
51%,112%, V    v,
51%,112%,q  ,
51%,112%,  I i    J La43   129,
51%,112%,nhg    I l    3 ,
51%,112%,uli K 3     r ILh 7thE9I iEFi iiE8,
51%,112%,Lluh,Llllviu
51%,112%, V    Eli,
51%,112%,lllr 2  jI  ,IIIHEQE
51%,112%,,
51%,112%,,
51%,112%,ll u4l r,
51%,112%,, h  m
44%,104%,,
44%,104%,IIIC LIIIIIIIUIR,
44%,104%,mh1,l
40%,99%,,
37%,96%,,
37%,96%,,k L I
37%,96%,,
37%,96%,,n 
37%,96%,,
37%,96%,   i,I I
37%,96%,    ,
37%,96%,I,A
37%,96%,w,
37%,96%,r m, 
37%,96%,Km w,I
29%,86%,,
22%,78%,,
19%,75%,33 1 i Jiiiiiii,Insmggml
19%,75%, TIFl x1 x Q   ry 1  3 1 ,riIIIIlTWI
19%,75%,m I,IIFEHir
0%,54%,335%  3i, J L  vl ih I
Toti,Mt,VVWV      1,HWMg
HHWWI,W711,04 The Waste Tunnels,FINISHED
WA,TH,04 The Waste Tunnels,FINISHED
WWAx,1w,ENTERING,05TheCrusher
um,TWMI,Im      ,mam
333%,, , 3
0%,54%,I 4,In
0%,54%,  H    ,
0%,54%, ,A
200%,200%,III I923 15sz, 
200%,200%,,MI
200%,200%,7FT EJ  %I,
200%,200%,In       ll,I IfSl l
200%,200%,,
200%,200%,,
200%,200%, 1L,
200%,200%,,
200%,200%,  l ,
200%,200%,,
200%,200%,     NI,El
200%,200%,%hxiui    I  I r,Nair
200%,200%,,
200%,200%,,
200%,200%, I      3        i7 yr g1i 4 r  ii fitg,
200%,200%,,EEEWE5%E%QE7iV
200%,200%,IMEETEE HEW,
200%,200%,J u,liari
200%,200%,I WW,thr
200%,200%,saw a,
200%,200%,VI   ,va
200%,200%,IV w ,WIPE
200%,200%, I A I   a1,
200%,200%,an     1 5,Eh 1 %itI I l
200%,200%,m       ,
191%,191%,la   3  if,
191%,191%,,
191%,191%,,
191%,191%,,1  
191%,191%,,liyghwlllL  leJ
191%,191%,  i  ,InIlEn
191%,191%,,
191%,191%,,
191%,191%,m Er,
191%,191%,in  ,
191%,191%,i  ,
191%,191%,,IIH II
191%,191%,   5u1J 5 g y ru  hl vV  ,
191%,191%,m vii     35 %  32W,
191%,191%,i t  , l  hJF  3   7n
191%,191%,mm a   I EM,MMEMI
191%,191%,gu,u  ti F blg g k
191%,191%,,
191%,191%,ll,
191%,191%,,
191%,191%,mum Ig ,
191%,191%,, 
191%,191%,, Q u Iu
181%,180%,,
166%,162%, 73     3 ,
166%,162%, y,
166%,162%,WEI a w,JI
166%,162%,wj, th
166%,162%,  l  51 m,lifLIJH
166%,162%, 3i,LlJri
166%,162%,,
166%,162%,,
166%,162%,,
166%,162%,MI  vii a  ,ii
166%,162%,I,I
166%,162%,,5111
166%,162%,, g7 
166%,162%,Tm,I
166%,162%,,Aifiixf
166%,162%,,
166%,162%, ,
166%,162%,  A l,
166%,162%, ,
166%,162%, ,  i l3 C v m1ME5
166%,162%,I,W Wm 1 IJ l Wi
166%,162%,,IILafiILiiiiIEUIa
166%,162%,In  PI,Il 
166%,162%,  LIZ 439,
166%,162%,lama iE  3F   5,mm  MW4252
166%,162%,     ,
166%,162%,Iii   19  fl,
166%,162%, ili fig 313 I,
160%,156%,I,I
160%,156%,  l ,wwle
160%,156%,   mm, 5  j 3 3 15 a5m3l
160%,156%,,
150%,145%, ,
149%,143%,      ,J
149%,143%,%   ,
149%,143%,,FYiL%%EF%
149%,143%,l  I,I I l5lliTEPM
149%,143%,,
149%,143%,,m
149%,143%,,r3 I2l 1E1L N nw 
149%,143%,,
142%,135%,  a  i 391,
142%,135%,IIVI  ,llleUAAAXLAA
142%,135%,rvm A,in
142%,135%,m7r4l7ii is  ,
142%,135%,,
142%,135%,,
142%,135%,HMWW ,Iliiliiimlw   
142%,135%,,
142%,135%,, 
142%,135%,,
142%,135%,,EMIW 
142%,135%,,II 4
142%,135%,,
142%,135%,,
142%,135%, ,I4
142%,135%,,n 
142%,135%,Tr    313 t 1% IM,1A  5 i7   2iI
142%,135%,I sf ,Hi
142%,135%,I,I
ill,mm,mm The Clusher,FINISHED
mg  ,IULIX1,05 The Crusher,FINISHED
mg  ,TH,05 The Crusher,FINISHED
mg  ,TH,05 The Crusher,FINISHED
mg  ,TERM,05 The Crusher,FINISHED
mg  ,tum,05 The Crusher,FINISHED
WW5,1w,ENTERING,OGDeadSimple
AHW,EBEfWW,gal  il Biz %    Biz  J1  J1  i ii  i ii ,mm
12A,hi,QE   nil %  i nil  i ii  i ii  i ii  i J15,
,,QE   nil %  i nil  i ii  i ii  i ii  i J15,
,,,
,,,
,,iii   11,mll1li
142%,135%,135 L in,IlniuulniullI
142%,135%,IaII JV,I
142%,135%,  ,uF w2
142%,135%,,
142%,135%,,hg v   z sz i4 iiw L i l i 
142%,135%,,
142%,135%,     ,
142%,135%,,
142%,135%,,
142%,135%,m,u 
142%,135%,,
142%,135%,,
142%,135%, M  VMIJ,Hwth
142%,135%,Ii 3L 45     , f wZ 
142%,135%,,
142%,135%,,r  z
142%,135%,,
142%,135%,kl,
142%,135%,,
122%,115%,     I h I I,
106%,99%,I,UL
106%,99%,,
106%,99%,,
106%,99%,,
49%,41%,,
49%,41%,3mme w  I,r
WSW,m,mmead Simmm,IWW
CJMV,MM,06 Dead Simple,FINISHED
WA,F H ,06 Dead Simple,FINISHED
WA,tum,06 Dead Simple,FINISHED
WA,team,06 Dead Simple,FINISHED
WXM,1w,ENTERING,07TricksandTraps
 3529LL L34  5,IMHI,mmm m,rlhqquwffmfgi 531 1 1
49m,mm,mid  LW  w,lEiIn Iigl
49%,41%,  7   uAAg,
49%,41%, il lm,q
49%,41%,,IILs  EI iH lmH I l
49%,41%,,
49%,41%,%,
49%,41%,I,
49%,41%,O,x4
49%,41%,O,g 
49%,41%,O,aE
49%,41%,,
49%,41%, ,L
49%,41%,Mmmglznlmmllll 1,iMIPILIIHHHIILI
49%,41%,, mllI1
49%,41%,mrmmzsw, L bIh1iH  Em
49%,41%,,inhMiil R a  
49%,41%,,
49%,41%, T2,w  I lIl ti
49%,141%,t,
49%,141%,O,Eill  Ei IWlHiH imHlI
49%,141%,O,qwer
49%,141%, ,
49%,141%,w , iauan7
49%,141%,,VI 3 E IHI3 5L TJ  Ha
49%,141%,PM TIIHIIW HIWIIW,
49%,141%,,I 
49%,141%,v,FHWHWWWWJRE
49%,141%,,II
49%,141%,E,DLWL I
49%,141%,,W153
49%,141%,     ,
49%,141%,      I  739L111l,
49%,141%,,Pig
49%,141%,VHEJWIMMEHJHM,EIEIIEFWREWWM
49%,141%,,i 
49%,141%,, 
49%,141%,wmwm A,l
49%,141%,me, lg
49%,141%, A,
49%,141%,L,9 
49%,141%,   , x 
49%,141%,cmmrma Hilif,
49%,141%, , A
49%,141%,O,rv
49%,141%,Imi,
49%,141%,,
49%,141%,VIA,iiiiiiizfiujaiiiiisMLIf
49%,141%,,WTIHJ
49%,141%,,ml
49%,141%,l1 5  J   HTH,SEVEWEH
49%,141%,I i INTI,
49%,141%,,
49%,141%,LIIII  ,II
49%,141%,LL hi,
49%,141%,mum A4,
hi1,IlEVI,07 Tricks and Traps,FINISHW
Ilum I,ffEMFIII,07 Tricks and Traps,FINISHED
mg ,rm,07 Tricks and Traps,FINISHED
WWA,1w,ENTERING,08ThePit
WW,WEN,I MRGEI ,walmzarfmwm
WM,lilnlnfwt,   ,mywwm
49%,141%,mt i I  O     gi  v I  ,
49%,141%,1N ,I
44%,136%,,
200%,136%,  H15 lsiiF 11,5AIFL5aEEbffJ35fiI
195%,131%,,IleIJVIHETWI
195%,131%,,HT
195%,131%,  q q 141%,NIme 22222
195%,131%,    A  Exfiz,
194%,129%,M It    w I    1 9 61 73%5,
194%,129%,E   l VII,wwa
194%,129%,1215 Q    IE3 SEEI,fiiEWTifiWiilI
194%,129%,,
194%,129%,,
194%,129%,,
194%,129%,,
194%,129%,I m ,3 l I le l  iI j1   jI I4wutI 
194%,129%,,
194%,129%,,g 
194%,129%,            ,9 235% 
194%,129%,,
194%,129%,,
194%,129%,idiwlku  Wail  ,MWHIaNJnE
194%,129%,VEIUJJI E I,Vanni
132%,67%,           ,
132%,67%,    ,
132%,67%,,W
132%,67%, ,
132%,67%,,
122%,56%,IEK I       II Iv I,lf izV  i I 
122%,56%,  I lulu ,
122%,56%,h,I
122%,56%,iglfnu,  lIIIuL
122%,56%, Imm l,mimxxmtihmmlllm
122%,56%,      ,
122%,56%,      i,J
122%,58%,,h 
122%,58%, Innm    ,I  
122%,58%,M  ,
122%,58%,,
122%,58%,MET L ,
122%,58%,  II KLIF ,
122%,58%,   3   S IN  Kira,
122%,58%,,
122%,60%,,
122%,63%,,
122%,64%,,M
122%,64%,,
106%,47%,IIT l g 32m,
100%,41%, lnn my   ,
100%,41%,,
100%,41%,   I2I,
100%,41%,lWiEFiap 9  3,
100%,41%,,
100%,41%,,
100%,41%,,Hfl
100%,41%, , 3H
100%,41%,,
100%,66%, iEI ff l fv g,mtilErzwfirr4515
100%,66%,N%L 5Q g 7   J   L,Itnwitglzf
100%,66%,Iumw I e  ,I   t 1  i t 2 
100%,66%,f I   t   IE  3  HI l I rA   A   1   ,
100%,66%,  II IUCIC l ,
100%,91%,,
100%,91%,7  ,
100%,91%,unfm V,
100%,91%,, iJggf fivi MV
100%,91%,H,
100%,91%, ,
98%,88%,  i 5mm a V,
98%,88%, 19 ESE,JHIIMWI
98%,100%, IrlTn,
98%,100%,  inn I,
98%,100%,   ml i ll,
98%,100%,,
98%,100%, u   u  a,
98%,100%,   t ,
98%,100%,,
98%,100%,g1 h a5 B  ,whifuiegvgi
98%,100%,,Irin
98%,100%,,
98%,101%,,
98%,101%,35L Ru LA Q ,h
98%,101%,,
98%,101%,,
98%,101%,,uhI
98%,101%, ,IIFT
98%,101%,m m l I J,
98%,101%,,
98%,101%,,  
98%,101%,mm , 
98%,101%,,Ixhni
98%,101%,,
98%,101%,,
98%,101%,,hmmnzblV
98%,101%,   ,i FAIAI
98%,101%,I,iLAuIJ
98%,101%,Ll   f LITSEJH v,
98%,101%,,EHJYHTEWETIIE1
98%,101%,   i I,m2Mizli
98%,101%,,
86%,89%,qmm l 1,7  11 3
86%,89%,,ll
86%,89%,  1  mjrfv,
86%,89%,,nix
86%,89%, ,
86%,96%,,
86%,96%,  II IIIIILIII IUIUI ,3SI fhr k  JM
86%,96%,  15%,In
86%,96%,mmml I,
WMW,u,08 The Pit,FINISHEDMIHI
VH  ,TH,08 The Pit,FINISHED
mg ,T H ,08 The Pit,FINISHED
WW5,1w,ENTERING,09RefuelingBase
     531%%37,FWESLF,IMQJL m  ,
m,,LJJV ,
86%,96%,NIH xz I,
86%,96%,WWII I,
86%,96%,,115A
86%,96%,I fry ,n
87%,96%,t, 
87%,96%,,IHIILHEQ 
87%,96%,,
84%,93%,iv ,
84%,93%,Y   ,
84%,93%,vauuu V,
84%,93%,3333253 Wiiibsi,biigffilfifikilii
84%,93%,mgkfkiiiIf55Wi 351,SKJQEWXZW
84%,100%,u JNLh I,WIHWH
84%,100%,m,
84%,100%,l,
84%,100%,, l
84%,100%,,V vvt  v  I12n1I V 
84%,100%,,
84%,100%,,I
84%,100%,,    
84%,100%,,
84%,100%,Ilfkl g  52  z EIhI oicf        fa,
84%,100%,u,
84%,100%,i I,
84%,100%,rm WV,thmwfax
84%,100%,mm utin I,k%l
84%,100%,   a3delxm ,ll
67%,82%,,
60%,74%,WHILE,
60%,74%,IIIIW,IIHHIII
60%,74%,wan I,I u
60%,74%,il, I
60%,74%,,mm
66%,74%,,
78%,74%,mnm 412%,
78%,74%,urml ft N, 1 1 15
78%,74%,T1 ,1i %th
74%,69%,,l Lx fflflI 
71%,66%,In H llnH,m
71%,66%,  II YELLUI KUYIJINU     ,
71%,66%,,
71%,66%,llluu lql, 
71%,66%, umw L,l Il Win
70%,66%,,IiA
70%,66%,,
70%,66%,iunnm  ,nil
70%,66%,  I, h
70%,66%,  I i,
70%,66%,LmT m,HIILJ
70%,66%,,iiW
70%,66%,rme,I
70%,66%,,g  J Y1 J 12 5251Tg me
70%,66%, f g,
70%,66%,L A ,
70%,66%,irrfo v  ,Migmlbkiiin
70%,66%,3  I  Jig   f  3,
70%,66%,O,
70%,66%,t,
70%,66%,t,
70%,66%,,
70%,66%,,
70%,66%,A,a
70%,66%,n,m
70%,66%,,M 
70%,66%,Lh p  A n hA4  l ,   iI93I5ll45 i W i ix
70%,66%,F,nI 
70%,66%,m INIZIFJI Ii,IE  HHWHlEfl1f3lJZ
70%,66%,WK NW,KIRK
70%,66%,  WIL,INLIW
70%,66%,Ill KAWII, lIIlmL
70%,66%, Luu,
70%,66%,T J ZFT I,
70%,66%,I17 I,mi
70%,66%,I,I
70%,66%,  EL U,hmramm
70%,66%,,
70%,66%, ,
rl,I,09 Refueling Base,FINISHED
mg  ,TH,09 Refueling Base,FINISHED
mg  ,tum,09 Refueling Base,FINISHED
WW5,1w,ENTERING,10CircleofDeath
ulHinilii,EWM,Iul,lhlglllm
70%  ,66%,El  M,
70%,66%,,
70%,66%,,
70%,76%,  I m   J,
70%,76%,m   Rx, ILEHHIII L    H
70%,76%,       ,
70%,76%,I n L,  3%252 %
70%,76%,    ,
64%,68%,,
64%,68%,i 3r  KQEKQFK,
62%,65%,h 1 ,III
62%,65%,,
60%,62%, 3n  I,
53%,54%,  ,
53%,54%,,
53%,54%,    ,
53%,54%,      ,
47%,48%,,
47%,48%,,f 
47%,48%,l ,
47%,48%,  31955173 hf1V 1r ft YUrrsJL hinwuriuttNun Anni,
47%,48%,,
47%,48%,l   lg Tiii  J z        1    z Ar  71 r nil,
47%,48%,i ,
47%,48%,KypilEEthierf,lekzgffwatzfgz2 s1t2 ff L
47%,48%,JL,L
47%,48%,,
47%,48%,IE v9 11% 4P H,3335civiliiiiliiiiiifliflil
47%,48%,     33th i,
47%,48%,Ri,
47%,48%,I,I
47%,48%,n   g,
47%,48%,PMRJS,
47%,48%,INT J   I,
47%,48%,  ,It l  I iIiigjliiziim
47%,48%, ,
47%,48%,  ,
47%,48%,,
47%,48%,EanEiIEJEEQFd,HTFILGEEEHEFiIIE
47%,48%,I39  K A 213 23,
47%,48%, ,
47%,98%,Tan liE A,Ii  u  12 zI
47%,98%,,
47%,98%, Imn  I,wIHIEIEI
47%,98%,h,
47%,98%,,
47%,98%,,
47%,98%,l K n a ,ltfl
47%,98%,W  1 WHY,
47%,98%,W1 SGT,
47%,98%,    W,
47%,98%, a   ,
47%,98%, m   ital rs ,
47%,98%,     Ilr  4  9 im,
47%,98%,I t H,IIE 4V 4
47%,98%,11 WM 123 Jv J 3,LEQTIMiRJ
47%,98%,ME 5313 LFpii,FmgurEFHthLii
47%,98%,7 5335253151515i,FEEFWEEF
47%,98%,Ef 5 45% EEFFPJ E34323,FHEEETM
47%,98%,WE Lit 73 t T r7342, 511  7213 5%
47%,98%,,llI Tll z I IIii zgfi i
47%,100%,rm m,
47%,100%,,ifJ y S Ii fiIIT 3 gi
47%,100%, II V  I u    0   g,1 9T ifm3 i ji fmI
47%,100%,FWb V I,WIHIVI
47%,100%,,
47%,100%,   Zi ll 33iii sz   v ,
47%,100%,  1 x f I,
47%,100%,II, l
WNW,II,10 Circle of Death,FINISHEDMJ
Winn,r324,10 Circle of Death,FINISHED
mg,tum,10 Circle of Death,FINISHED
WA,fEllle,10 Circle of Death,FINISHED
WA,tum,10 Circle of Death,FINISHED
WWA,1w,ENTERING,11TheFactory
,THHV,ENTEi mug,llriwhr1f1iTiaevaliljlhluhllllll1
 1   M,M1,4444444,4 l ng4 l ngg lALA l nA l AI4 lALA l
,W,4444444,
,W,4444444,
,W,W,
,,,
,l,F U  A,
47%,100%,F m  A,
47%,100%,,
47%,100%,k F  A,
47%,100%,W ,
47%,100%,, a   E WIHv
47%,100%,rI      I n    Z,Iw
47%,100%,f  V , lmnrnuitiiigvitl
47%,100%, L,
47%,100%,,
47%,100%,w   1W  r I,
47%,100%,,I w 
47%,100%,,172
47%,100%,,urn
47%,100%,F W  A,IVVJ
47%,100%,F W  A,
47%,100%,L  l   1 i jinx  jfflnvtl   I ,
47%,100%,,
47%,100%,,I 3 J j tUPm
47%,100%,,
47%,100%, I A,ill
47%,100%,Ir ,KW
47%,100%,     w  I,
47%,100%,w  WI 1 Win I,
47%,100%,IIT Tlull j  ,TEEIW 7HI1ILIH
47%,100%,33W 5   I ,IRWwa
47%,100%,kn xxLLWrLj i  N  I  H I nggi3rgcnitt Eff   1L3,
47%,100%,,Lu
47%,100%,z n 7d  il H     i iy i i  t uAn i1  Lkn   u,fl i VZ Iltn
47%,100%,,
47%,100%,,
47%,100%,,
47%,100%,      H1 I ,
47%,100%,I1m m, 1I
47%,100%,Inf       I,
47%,100%,,
47%,100%, Km t d l,  1 F w er  1r15iIiiillII
47%,100%,,
47%,100%,,%%FV1W
47%,100%,,
47%,100%,, L  sV 7IlIii
47%,100%,,
47%,100%,,%V2g  1l
47%,100%,  IT m  ,hiwwriritffi
47%,100%,  l W iI ,LewiZTk wiM
47%,100%,E  Edit  1,ECHDI 
47%,100%,I E Ilnli F SIREN,lIIIeHi1EIMfi
47%,100%,  W922,VIII
100%,100%,,
100%,100%,,
100%,100%,,
100%,100%,,33th
100%,100%,Ez 2 iv 4  x  2s 2 Egalfong,
91%,82%,kaT  ,I
91%,82%,P m  A,
91%,82%, PW,
91%,82%, PW,
91%,82%,H,%
91%,82%,g    x33 3   m ugm w,
91%,82%,N E MEN 3,NWHHHJIBI
91%,100%,U H3 Elil HE fll i4,iHBCiISHIliLi
91%,100%,RESIN NNK,SMHHNE
91%,100%,Mil     1   t vyqu  ,UO
91%,100%,,i 
91%,100%,,
91%,100%,          7   ,ngIII leHl l lI j nJZ Ll1 I
91%,100%, , 
91%,100%,LYAWEkJiE   l,tTiMFEiiEFZZIIE
91%,100%,I iz is 1   22     7  r   ,79   25  35ng23 
91%,100%,351i g WW if i,
91%,100%,JI,Fruit
91%,100%,,l J
91%,100%, L   a m, 
91%,100%,I f f9 r  ,
91%,100%,I,
90%,96%,I   779747,l 
90%,96%,,
90%,96%,,
90%,96%,I I,QWWJEWAHAWZZJ
90%,96%,I,Lu
90%,96%,1 , 
90%,96%, ,q F
90%,96%,n I,dalmi
90%,96%,i u   1i,
90%,96%,,
90%,96%,      I iii,Etiiikfiiiig3532pII
90%,96%, ar tingh2ci  DII    I Ix   7 l1  1  ,
90%,96%,V,IiJi  
90%,96%,33 iii if  1    33  W gf2ii,srmmmziza
90%,96%,,
89%,92%,,
89%,92%,,
89%,92%,,
89%,92%,,
89%,92%,, 1fW   T   H
89%,92%,,Jtiiidijbllllm
89%,m,H W   Tut,mH i   y g4 w I
4 2 l finlulIiI1iull,,11 The Factory,FINISHED
WA,v w ,11 The Factory,FINISHED
WA,v w ,11 The Factory,FINISHED
WA,femur,11 The Factory,FINISHED
NW5,1w,ENTERING,1ZDowntown
JNK,,H mm,mV60varizmw
,VHF,In  tXI i,IIA
89%,92%,,
89%,92%,,
89%,92%,,EL 
89%,92%,,EEEE
89%,92%,,
89%,92%,IN T N 11m,IINLL
89%,93%,, K 
89%,93%,,Viw l1
89%,93%,H,lrylfb 
89%,93%,    1 1,
89%,93%,,III VlaIzi %1ti i f i 3iiljgftiiii
89%,93%,Hg I,Itl
89%,93%,,
89%,93%,flag MWWV,itI I73ZEiz nT  1 JII
89%,93%,b  XW  , 3%Ll 1 o
89%,93%,LEL,F wa l
89%,93%, i ll  Pi,
89%,93%,Him WWW, ll
89%,93%,l  ,I t
89%,93%,tn,
89%,93%, ,K   Hm  I u 
89%,93%,H   W ,
89%,93%,tn P Q g1 ng  A  I   A Auk ,
89%,93%,W  ,
89%,93%,MONK L,WI
89%,93%,H Mill,MIMI
89%,93%,I   1  nlf,
89%,93%,wmr   I,IIIlLFiIMi
89%,93%,,
89%,93%,H m cm  ,WW
89%,93%,,
89%,93%,Lun , m 
89%,93%,H, 
89%,93%,   I,
89%,93%,         TV,lfl
89%,93%,I I X,lE VI
89%,93%,i,ikztgj 
89%,93%,3vi 5  ,
73%,59%,a,
73%,59%, r   ,W
73%,59%,   ,lijifffl
73%,59%, P w,
73%,59%,I V I,
73%,59%,,
73%,59%,,nl
73%,59%,,
73%,59%,I I ,b
75%,59%,3m irkw,F wa l
75%,59%,I  IrW jvn sil   so   M   I,
75%,59%,k ,
75%,59%,H, 
75%,59%,i,1
75%,59%,uAaalaQa,Ln n m9
75%,59%,   l  g ,IPHIII
75%,59%,m1,
75%,59%,I,I
75%,59%,i, 
75%,59%,% Tu   x,
75%,59%,wu m ,
75%,59%,w  ,
75%,59%,    p   m1 ,
75%,59%,I u,I v  5r5
75%,59%,I ,
75%,59%,lm,N173
75%,59%, ,ii
75%,59%,  ll , ll
75%,59%,I ixixll,lilT
75%,59%,I Inx, 1
75%,59%,IA,I
76%,59%,m1va     9i,
76%,59%,  Iti   ISJJI7ITI,ziilll nliEm
76%,59%,,
76%,59%,,
75%,57%,r 41  ,
71%,49%, ,h
71%,49%,   ,
71%,49%,J4mfo  ,511111 
71%,49%,a ,
71%,49%,i,
71%,49%,,l11 1 
71%,49%,r w,l  irtvwiij  w
71%,49%,,t
71%,49%,,Inn
71%,49%,I, 
71%,49%,Ii 7   93,Iihu iI l G  I
71%,49%,Iqa   ,3 1l l  lIEm
71%,49%,i t,
67%,41%,  Agni, I JW JMm l 
67%,41%, 1g   L ,
67%,41%,   7 A J I,Iii
67%,41%,,
67%,41%,,
67%,41%,,
67%,41%,     mm,ii  lif9F l t 2JlimS
67%,100%,,
67%,100%,,
67%,100%,,
67%,100%,,
67%,100%,,
67%,100%,,
67%,100%,,
67%,100%,,IILJ
67%,100%,I   i7 J,th
67%,100%,I,
67%,100%,   I            s K ,
67%,100%,   L  ,
67%,100%,,m l
67%,100%,,
67%,100%,,
67%,100%,   aI   I,
67%,100%,,ZLndI1 l
67%,100%,,
67%,100%,  I,ILLII
67%,100%,,
67%,100%,JIH ,l 
67%,100%,W17 ,
67%,100%,,fH
67%,100%,,
67%,100%,  H YCLLUI KEYEH60 ,
67%,100%,g H w KEYLHKIl ,  4 L td d u IiH
67%,100%,,AXI x1 1L   JI
67%,100%,I,I
67%,100%,,
67%,100%,i,
68%,100%,,i
68%,100%,,a
68%,100%, ,
68%,100%,wwml,
68%,100%,  Nxx ,Exfx xl 
68%,100%, l I4 I M,
68%,100%, Id,
68%,100%,I   M,iIHII
68%,100%,,ifFFEEIFHETEfiQEginkVl
163%,,rwv T  ,HEW
VIEFLM,,12 Downtown,FINISHED
mg,HIM,12 Downtown,FINISHED
mg,EDIE,12 Downtown,FINISHED
mg,EDIE,12 Downtown,FINISHED
WW5,1w,ENTERING,13ThelnmostDens
ikmyiii,rcsmtiri,ull ll L  HI,MHWL
68%,HlIlJme,fLQJiLifi,HLWiWMWfTT
68%,100%,,WE
68%,100%,mm      1   ,1E5im e2 x  l EE
68%,100%, Im x  V,
68%,100%,,
68%,100%,,  IT%
200%,100%,A,Iiillllm 
200%,100%,, z lI
200%,100%,,lImNHLLMHE
200%,100%,,m 
200%,100%, Fm,u
199%,98%,I     if t Ilv it  ,Zigi I IZ lI m
199%,98%,Ti   pull ,
199%,98%,52m,Iw 4  w  l
199%,98%,,
199%,98%,,
199%,98%,11 41 ,
199%,98%,5mffj if  r,
199%,98%,,
199%,98%,I T h,
195%,93%,II, 
195%,93%,,
195%,93%, t I  %  Jl g d l I  fs o   VMI,  l rIwI lcutlll lut 
195%,93%,,
195%,93%,,
195%,93%,L,L f  l
195%,93%,     3 ,mF  i
195%,93%,,
195%,93%,II IwH,IIIILP
195%,93%,,m 3 r  g
195%,93%,,mji r vV
195%,93%,,
195%,93%,,
195%,93%,, 
195%,93%,, 
195%,93%,F w  A,
195%,93%,, r wz
195%,93%,,MWAAgwfgg
195%,93%,mm 15 ,VAM
131%,29%,TI    7 LA,iEt5NN ic7 J m
131%,29%, ,
131%,29%,  4    r11I   I,
128%,26%,,
128%,26%,, 
128%,26%,,
12i80rJ,m,WW7 T  n,llIWWI
HI,uIII,13 The lnmost Dens,FINISHED
mg  ,rm,13 The lnmost Dens,FINISHED
WW5,1w,ENTERING,14lndustrialZone
iihiiifi,ELEVWEiETTM,ililhlrx                ,mum
128%,,,
128%,76%,Emma  ,
128%,100%, , q
128%,100%,  l,ihalh 
128%,100%,,Imi
128%,100%,  II IUI UP SHUIIUI SKILLI ,IIAVI
128%,100%,,mlgr
128%,100%,  II CIUX UP SHUIUUI SHfLKa, 
128%,100%,,
128%,100%,,I53
128%,100%,77f    I, l r If%  I
128%,100%,I,
128%,100%,,
128%,100%,H  tn   4   A  ,
128%,100%,,
122%,94%,,
122%,94%,E ,
117%,89%,r,
117%,89%,    ,
112%,84%,,WJIJJE
112%,84%,I,I
107%,79%, w  , 3 5  E IET i 5qui  
107%,79%,,
102%,74%,i   IBIZA   ,
97%,69%,ILL    1 3 431 43ifgiiiim713ii uf  E,l      S  x f  iiiW731i 3 125 E
97%,69%,,
92%,64%,f  jv xg uL t 1gb xitfj, A f J
92%,64%,,j I  Qa qI Iin Iinnvt in irm iarg ri i ie
87%,59%,  ngkgm w  I ,NSC
87%,59%,O, ai  laNi InI zf h % m lu I  guI 
87%,59%,O, II L4
87%,59%,O,
87%,59%,, ilI
87%,59%,l,v
87%,59%,,
87%,59%,,
87%,59%,,
87%,59%,,
87%,59%,I,
87%,59%, , 
87%,59%,,
87%,59%, 1,E
87%,59%,l,I 1I
87%,59%,,HiiimT 
87%,59%,,WW5WEJH 
87%,59%,,it
87%,84%,,
87%,84%,,I
87%,84%,,HHIIILX
87%,84%,,A%CH
87%,84%,, 
87%,84%,,
87%,84%, ,F w
87%,84%, ,
87%,84%,HEEIW LIFI,HHPIWL
87%,84%,I 41311  ,mmmmwtsm
87%,84%,42g NEEEEE,
87%,84%,,
87%,84%,,
87%,100%,,
87%,100%, Imni,Egggiffiu2 ivrf2g
87%,100%,,
87%,100%, ImI  t, A1
87%,100%,W13,WKMX1
MY,thswllmlf,14 llndusUial Zone,NfW5uSt333ED
mg,iHL,14 Industrial Zone,FINISHED
mg,rm,14 Industrial Zone,FINISHED
WW5,1w,Q5 f A   1423915152,MWZVMWAUS
  % %3%,  T3T315f rl el,mammggk,mmmma
MM,,           ,
m,W,           ,
m,W,           ,
m,W,%%%EE%EE,
,,Alm  A m,
lam,m,I Ill An,EH FF F 
87%,100%,lfrlr,
87%,100%,Ij ,IiI 
87%,100%,  Ha,IVV
87%,100%,,LPHWHI
87%,100%,IILA, A
87%,100%, , n
87%,100%,I MII,IIHVpi
87%,100%, , 
87%,100%,1,MEI
87%,100%,v  v w  vvw   n v vw wnw  h  imahw i   m pvm v vnw wv w w, l uuy n vvx  I f l tynu lnqx nd 
87%,100%,mijfHWIW  I ,l ElH1i  ii4 liii IIZ
86%,98%,I 7 , 
86%,98%,,IliIJ
86%,98%,III IV,
86%,98%,      ,
86%,98%,,
86%,98%,,Anal
86%,98%,Wm,lHLlI
86%,98%,A IIT,iFGadlIILA
86%,98%,,NIB
86%,98%,,lll  n
86%,98%,, i xxxxl y I
86%,98%,n,I
86%,98%,I I gt,Ilrj
80%,92%,I  Ill,
80%,92%,I21 mE  m,lrllgarm
80%,92%,IIUIN   ,
80%,92%,,
80%,92%,n,I
80%,92%,II III  I, Il Iv
76%,87%,,LIJISEN
76%,87%,   I IX,IHOJiVNT
76%,87%,gIL rh,Ile
76%,87%,Ali,AilSEVg
76%,87%,V1, 
76%,87%,Jill a,WHIIII
76%,87%,IVI If I,ll IIB1I l
76%,87%,r,
76%,87%,k,RIM  P F AI W 4 V
76%,87%,  l I A,llmxll
76%,87%,l nI,MIL
76%,87%,IILJ IIV r,HIV
76%,87%,  ,IlhI Ih  
76%,87%,II 735,ELI
76%,87%,,
68%,77%,IU IIIF,IHIIDA
62%,71%,bl, I
48%,55%,,wag
48%,55%,,
48%,55%,mm J HI,ITJAITIIIJ
48%,55%, HIE,MUHHII
48%,55%,y I  ,
48%,55%,1I9k ,EELEEEWML
48%,55%,LIJISER,IIIHNE
48%,55%,vyg   13%  th  %1 7  95% %,
48%,55%,if F  559FW2,Eihh vf
48%,55%,I,I
48%,55%,I ll JJ,IlIl
48%,55%,,I 
48%,55%,,Nun
47%,53%,,IIIINIEnJ
40%,45%,I  g  m1,JERJAII
35%,38%,l,I
35%,38%,,hunts
29%,32%,I   ,IMMML
ml,n,WW I,ml
RX,w,30 Wolfenstein,FINISHED
mg ,r324,30 Wolfenstein,FINISHED
mg  ,femur,30 Wolfenstein,FINISHED
WW5,1w,ENTERING,158uburbs
RWHIII,sewn,mm   I if    , I9In
29%,32%,nits   l iii 3 ,
29%,32%,,
29%,32%,I,
29%,32%, H Aadril,
29%,32%,,
29%,32%,   u A, 7
29%,32%,HDVI,WIII
29%,32%,I  F,
29%,32%,16 E,FlVlihth
29%,32%,,
29%,57%,,
29%,57%,,
29%,82%,,
29%,82%,FIE  ,IEEEEIIIIFiIIIl
29%,82%,   iwiu   VWI,
29%,82%,,nit
29%,92%,,
29%,100%,itum  VMIJ,IQ
29%,100%,I 1 W  A    M  w, 4 V  Aiiyl
29%,100%,H    ,Ql nnI H l IIIIIlI
29%,100%,MHHWJ,i 2Wii2IIV
29%,100%,IIILLIiiIL,itandHifE
29%,100%,tuna J,   f v i 3 i
29%,100%, F     ,Ilhnn5V
29%,100%,kaal,
29%,100%,m, 
29%,100%,A   A,
29%,100%,,LEIWDrm
29%,100%,,I
29%,100%,Wt,2Jk lqunm
29%,100%, , 
29%,100%, ,s
29%,100%, ,u
20%,91%,MN,
10%,80%,I I V,IIlJ
,lllllllu,H L MS Suburbs,HFINISHED
mg  ,,15 Suburbs,FINISHED
WA,femur,15 Suburbs,FINISHED
WW5,1w,ENTERING,16Tenements
mu, 3  7  2 le,I J iill m ,
iWM,lumthxr, ,  A 
10%,80%,,
10%,80%,,
10%,80%,1  i I WI,
10%,80%,,
10%,80%,  1 DIIUIUUI IIICLLIj    V f  ,
10%,80%,,iII ggo li I
10%,80%,,
10%,80%,,
10%,80%,Ii,ii
10%,100%,Imz I,ll
10%,100%,,
5%,95%,, 5 g J  f  TivLI AmI
5%,95%,rwma  ,I
5%,95%,,Emma
5%,95%, C W ,1 2 IW
5%,95%,I IS I   Mi In 13 I ,IlIlerlFliEWli
5%,95%,      ill, 2lI
5%,100%,   Mn,Mmlriill
5%,103%,v   n i i  D  ,sf iiI%IiIL5iissesavI
100%,103%,3,% 
100%,103%, mm,E
100%,103%,  wui 71 ,
100%,103%,amfu 5 If,
100%,103%,23 iiiva  la d I  ,
100%,103%,,
100%,103%, l 3 IJ v,iIEEIWI
100%,103%,J  II F n,Lurm
100%,103%,i1 531 illiii  Efi,HalalSiliwikiigili
95%,92%,,PHIWI iailivaHkisfilaiii
94%,89%,NTW  1 1 E  S713,
94%,89%,Vlumf 57 fa,
94%,89%,,mh 
94%,100%,fmm 1,
94%,100%,,
94%,100%,lm L I,  
94%,100%,  I, 1 1  4   3
94%,100%,a A,
94%,100%,l,
94%,100%,m,W
94%,100%,, KilNV g A
94%,100%,t,YA
94%,100%,,
94%,100%,51ngng MIL,I nA 
94%,100%,M,
90%,92%,I, 
90%,92%,I,I
90%,92%,533mm,MHHZE
90%,92%,l nI,
90%,92%, WWI,
90%,92%, In,  iTEaEi i7i15il3 iliWEf iH
90%,92%, zgsigezmmm,
90%,92%,Hill   ii  ,
90%,92%,NI,I fI1 
90%,92%,f T 3%1Wn3 ,
90%,92%,,
90%,100%,,
90%,100%,,
90%,100%,5W9 % ,
90%,100%,W Main,m
90%,101%,l I,o iI1 
90%,101%, ,
88%,102%,,  
88%,102%,  II HUI UP CULLC ID   ,
88%,102%,w  3mi4%  ii,
85%,96%,RW3LWF 5325525 5,MMWKIM
85%,96%,,
85%,96%,man 1i A,martghu
84%,94%, ,
84%,94%,Mun KW,
84%,94%,,
84%,94%, i l  19 ,a4zzfoxjifdiiiii
80%,86%, Imwm i,   5
80%,86%,  II IUI jrjuui ll,Imngjfiiir
200%,86%,   1  It,
200%,86%,W73 K Lil HE,
199%,84%,,
199%,84%, V t 7H ,
199%,84%,      ,
199%,84%,,
191%,71%, %  ,ALE
185%,90%,Jin h    a I I  3  1  I,
186%,90%,,
186%,90%,,
186%,90%,  n   BAH   V   I,
186%,90%,,i witiiE
186%,90%, ,
186%,90%,,
186%,90%,,
186%,90%,,
186%,90%,a V,
186%,90%, w,
186%,90%,,
186%,90%,,
186%,90%, II,
186%,100%,DIIIIQFLKf        ,
186%,100%,,
186%,100%,Wwvf,3 3ilT  i  JEEE
186%,100%,,1  HM IMdumIn
186%,100%, I ,
186%,100%,,
186%,100%,,m
186%,100%,u AfEX,5 m   l wwm 
186%,100%,, 1359111 II1
186%,100%,,
186%,100%,,
186%,100%,,
186%,100%,,
186%,100%,inmm v, %15 2
186%,100%,,
186%,100%,INC LIIIIIIUUIR,m212%3i%1i 
186%,100%,l   3 4 E E  E  1Lr W A I ,
186%,100%,  1,Avg
186%,100%,H,Igli l
186%,100%, 1m Tmum,il
186%,100%,wm mT,qwmm
186%,100%,w 7 a  K15,
186%,100%,  II IUI I5  EILu I,urniziI
186%,100%,,
186%,100%,m    II Y A,I333
186%,100%,  I      ,INOth lIr
186%,100%, mm v    ,
186%,100%,Ni ft x  ,
186%,100%,Jai  l i 1Il3 m,
186%,100%,I A p1th MC,
186%,100%,NW n1  ,
186%,100%,,
186%,100%,, u
186%,100%,,
186%,100%,,
186%,100%,  k,l
184%,97%, ,
184%,97%,H      A H   I Id,
184%,97%,,
184%,97%,,
184%,97%,rI  nu ,wmnww
184%,97%,  If Iqu m u TIJ  ,IiiZiEldfle
184%,97%,, ml i i i  1f 1ra5i
184%,97%,in,R
184%,97%,33m tag, %T 1 u v  Lfg6  i u  tm   Luk gAav  Ei Ii
184%,97%,in,
184%,97%,Elm H  z ti   WI,NE 7L392 LI 3 
184%,100%, Haw,IZLIWI
184%,100%,,
184%,100%,,
180%,95%,,IiiI 
180%,95%,      I   ,
180%,95%,wanm, I Fm r 
180%,100%,,
180%,100%,ulrkfiiiiiiil 1  1   ,
180%,105%,,
180%,107%,,
181%,108%,I r    1    Ztgij JLBZ       III 7   I, lvu M Jvme
182%,108%,u  3321 221  3% it, 3 211I ijjgi  uV ile
173%,100%,H Ir,I
173%,100%,       i i I,
169%,100%,j  f   tI jE  I I iiisli I ,
169%,100%,   IL ,g    i mF P wLT
170%,100%,,
171%,100%, ITW  442% I1,
173%,100%,,
169%,94%,   n mun IIIUI ,
171%,94%,,
172%,94%,lImm 1,5 11
175%,94%,,jl
133%,50%,mjwl I,Fungi
133%,50%, silliuiy      ,
133%,50%,,
133%,50%,, I g VII E I L iI
133%,50%,,
133%,50%,,
133%,50%,  1 ,
132%,48%,,
132%,48%,l2          ,
132%,48%,,
132%,48%, I W,REIEMIalIEEEXI
132%,48%,Hail 5, Il
132%,48%,,
132%,98%,,
132%,100%,,
132%,100%,L r         ,   i
132%,100%,   I      o         o    ,
132%,100%,I,ll
132%,100%,,I
132%,100%,,
132%,100%, Intm,II
132%,100%,ul,
132%,100%,,% 3 33 3 5 1  3 
132%,100%,,Al
132%,100%,fftc%lil I ItI i  O    HL  h   u,
132%,100%,leld i,141min
132%,100%,ErHy  IF,htl
132%,100%, Ilalvzg   l,ENUIIIIHMI
132%,100%,Hymn,SIWHII
132%,102%,,I
132%,102%,,HEEEImEaIIilN
134%,102%, 1m I, hIE1 af
134%,102%,rEl V   l,mam
134%,102%,  III H6NUH CUIUHV  ,uifiii3113MElliijjllmul3
134%,102%,him 31 535 1,Imllnluji
134%,102%,k I Ifilfl,
134%,102%,, u   r 1lII
134%,102%,mmm IN I,
134%,102%,FI m IEIHI,IuI l71 1 I  iEII
134%,102%,m   I  , l FLfle
134%,102%,  I I,EilfiifiiiflliiifqlnA
134%,102%,I   MW  II,iHilJJERlMIIE
134%,102%,Tmm14iflLvl  I Hi,
134%,102%,1mm I,IHPI
134%,102%,4W ,
134%,102%, ,IlliIEEMWWI
134%,102%,lg  , E lj I
134%,102%,HP 4% i  , 3 3 
134%,102%,m,
134%,102%, if 3513f,ifiiffEEiEHIEli lHll  1I
134%,102%,   Irilllln,iiilewlI
134%,102%,I  Il ,IPIQIFEI
136%,102%,       Lg  ,SWMMEM
136%,102%,I gm   5in 5% L93,I5 2  1  n  NiBEIHEQEE
136%,102%, I,
136%,102%, T 7TiiL1f   I, Ir 1v l21liI V I  rF T
136%,102%,meIiHW ,Imzr l H  Iii 
136%,102%,,Himz
136%,102%,U l,ml
136%,102%,I   l E A sl   a,I  E2t lli l a
136%,102%,g fluiiihr  i ,iltilMl
136%,102%,    VA HIIIII,
131%,99%,Hui 17 V  i HUI,ilmfiffrpigifggill
131%,99%,w  3 4 57 5 MIL,
1731M,In,,HWH
Ildilllhj,hm,16 Tenements,FINISHED
mg ,EDIE,16 Tenements,FINISHED
mg ,EUII,16 Tenements,FINISHED
mg ,EDIE,16 Tenements,FINISHED
WEM,1w,ENTERING n,17WCourGaer
IIJII,WW1,   ,Piz     l  iflm
131%,99%,   ,Piz     l  iflm
131%,99%,,
131%,99%, ,
131%,99%,    ,
131%,99%,n JEN,
131%,99%,    If   Vtieli ,
131%,99%,I   F JJ  w I VI  n fE,rmrwg
131%,99%,,
133%,101%,t  mp3, t mn 
133%,101%, admimam m   r v x,
135%,101%,,
135%,101%,,
135%,101%,,
135%,101%,  f9 r4395 away  ,
135%,101%, a,In
135%,101%,,
135%,101%,    ,nxh
135%,101%,wmm   , thth 4 
135%,101%,It  an 11     1,
135%,101%,IEI H7 , MI1 Tw
135%,101%,,
135%,101%,KIT 3  am JVy  i, I F ll iI lI
135%,101%,753C r 3 ,lllenILr
135%,101%,I u,I
135%,101%,,
135%,101%,,
135%,101%,,
135%,103%,  II IIUIILIII IUIUl ,EVIEFEIIIE
135%,104%,I,it
135%,109%,  A 331i ,  B ffTii%Tt% % ET
135%,114%, Innm Vg, ill
135%,121%,,MSii s 5 F f v IW
135%,121%, um awn,
135%,124%,,
135%,127%,gxI  n W ,H
135%,127%, Innm P,
135%,127%,0 ,
135%,127%,0 ,
135%,127%,,
136%,129%,W  ,
137%,129%,W  ,
139%,131%,,
139%,131%,,
139%,131%,x e  g,
139%,131%,,
139%,131%,  ,
139%,131%,,
139%,131%,5  Ag  f A ii211 ,ELVJIFTWEMH
139%,131%, 1 5 ,
139%,131%,I IIIIE4y ,Il1f rI 
139%,131%,,w
139%,131%,I lll 1I,EFIIJLIIHIEE
MIIIWI,mm,I M7 The Courtyard,HJINISHED
mg  ,MEI,17 The Courtyard,FINISHED
mg  ,tum,17 The Courtyard,FINISHED
mg  ,tum,17 The Courtyard,FINISHED
WRXJ ,i i i 3  i l,I h  ,WIIIJIlulur u u1IFfi3eCitddemrr
II,Ivulllllllllullllu,,
139%,131%, n ,
139%,131%,,II iinni9J l 9 i  1m
139%,131%,lI t  33W   731,M 1  li i   i IVly lH
139%,131%,r  u Tf 2 Huh     u,iHVIi74rII
139%,131%,I uzza,
139%,131%,mm 3r, w 
139%,131%,TJ l l ,gal
139%,131%,,iguililnlilfrg
131%,122%,,linki 
131%,122%,I T,  1 LI m
131%,122%,mat,IJXIJ
131%,122%,NCme,
131%,122%,,Ell Lil n ljvg%uru b Ul
131%,122%,,
131%,122%,Vi  m HQ Fifi,mlgHEErMLL
131%,122%,x   I i i % flllI    3,
131%,122%,q if WWII,
131%,122%,La   r  Ill,WK lI 5lIH
131%,122%, l  ll,
131%,122%,  ijigjr H       I  71 ,
132%,122%,   XL,MIMI
132%,122%,,13 56312
132%,122%,,mtiilrvr
132%,122%,iTxT m, ut uul g 
132%,122%,m nEiimg39z r  Ei Lm 35 11L,imwjifiqfiwfxlWW
132%,122%,,
132%,122%,,IW
132%,122%,IJF EfWPER I,Ihu i 1n  hv lul
132%,122%,Li I,
132%,122%,,Hll W
132%,122%,II, iII
132%,122%,,
132%,122%,,IQMFQirWItH
132%,122%,P m  A,
132%,122%, X,
132%,122%,l mm ,
132%,122%,ll,II
132%,122%,I I,II
132%,122%,i I,El
132%,122%,  ILu,I  r
132%,122%,II h,II
132%,122%,,gltmun
132%,122%,KI      lIII A,
132%,122%, 1    l1II,
132%,122%,,Lac A31 55 t fJ ifiITf1z %I%m
132%,122%,tZ Q  v  %,
132%,122%, 3    8 1 v      3  biz fin  ,
132%,122%,,
132%,122%,um T  mm,
132%,122%,,l I I 3 vvl tik
132%,122%,SleWm a,
132%,122%,,
132%,122%,i I m  y a N  r l,Ill lu le 4
132%,122%,EELEE I,
132%,122%,,
132%,122%,  E m ,
132%,122%,It  391%,
132%,122%,  m A,hul1 
132%,122%,    i  ,
132%,122%,,glam
132%,122%,IWW  ,Ii
132%,122%,,
132%,122%, 31,Ifliil
132%,122%,,
132%,123%,,tilingW
132%,126%,,
132%,126%,rInf m,
132%,126%,i 1n nom  I t  ilid 7 ,awry
132%,126%,Iunwm, r f2F
132%,126%, 5i I  f r L m,g
132%,126%,    y v ,
132%,126%, V  51L 32 at,HHQWVJ
132%,126%,IWKTA     Lu,I X u 1 3
132%,126%,HWY 5 al llI25,Wi   lIIEIE
132%,126%,i,n leg lh 
132%,126%,U,Is 
132%,126%,5 ,
132%,126%,% %, 
132%,126%,,
132%,126%,,  53  v f35 a 
132%,126%,w ,
132%,126%,   T  M 55 ,
132%,126%,,fsEifrfw
132%,126%,,
132%,126%,,
132%,126%,,13Eg t  bk 3ii
132%,126%,,
132%,126%, A1151 QM,XLMHHgML
3353331552,arm,IIB The Citadel,
FHA, 3 1,18 The Citadel,FINISHED
Mg,T H ,18 The Citadel,FINISHED
Mg,femur,18 The Citadel,FINISHED
Mg,tum,18 The Citadel,FINISHED
Mg,femur,18 The Citadel,FINISHED
Mg,tum,18 The Citadel,FINISHED
Mg,femur,18 The Citadel,FINISHED
WEE,7%5,WNTERING HI,wlmlrfngOtChavmlllulll
HMMe,EM,,
132%,126%,,
132%,126%,V mama a,FMLMIA
132%,126%,IWW J 1i,meuma
132%,126%,DHIAM Eur,Wdlh J iIi J
127%,121%,i  MI W  ,
127%,121%,,
122%,116%,,
122%,116%,,
117%,111%,,F WL5M5
112%,106%,,r  3w3ml
112%,106%,,
107%,101%,,liaisxsigsagzmg
107%,101%,  Il   jg,
102%,96%,,r1
102%,96%,,
97%,91%,,  rV i Il 
97%,91%,,
92%,86%,II  5 1W J rm JAE,I V    7E V 7 1 I
92%,86%,,
87%,81%,CE 3le,
82%,76%,T WM ,1VJHHHUT
82%,76%, ,I
82%,76%,,
82%,77%,If 1  inn,
82%,77%,TTmT     J,iTTfIAIJ
82%,77%,  I mu m de,thu 
82%,77%,,El
100%,77%,,ELI
94%,65%,I, LIFI
94%,90%,FumnI ,TT u
94%,90%,    I,FITI
94%,90%,uTTTA ,Er  fl TFu Jth
94%,90%,, 14 3 
94%,90%,  3 WJ,Minimal
94%,90%, ,Hmlldq
94%,90%,   11 J,EmELiEmIlJmP
90%,82%,E F I T ,UITIIEH
90%,82%,,
90%,82%,,
90%,100%,mum   J1,
90%,100%,,
90%,100%,  I wanna,rV  V iLv
90%,100%,a 5 5 1 I         E M,
90%,100%,II 5  ,I
90%,100%,u,11
89%,98%,,m
76%,72%, 1mm xX   ,IKJU
74%,68%,31W lw,
74%,68%,,
74%,68%,K2,v
74%,68%,,v
74%,68%,,
74%,68%, Hm ii,v
74%,68%,Emrmwlu  ,I
74%,68%,IImi,7Tl
200%,200%, Pt,t
200%,200%,,
195%,195%,all ILawxXiif5f9iiEv,
195%,195%,,
190%,190%,,
190%,190%,,   3%333%3534%
185%,185%,  ll ,WBWTIIJWM
185%,185%,lair  ,
185%,185%,  I,IIILEEIIIE
185%,185%, f 7til fifv1i  c        c  ,
185%,185%,, i i1f 8 l z%%fg u
185%,185%,,
185%,185%,     51%,
185%,185%,,
185%,185%,F   i          7    Va  g Z     S,lE
185%,185%,L   A,
185%,185%,,
185%,185%,,
185%,185%,5%  ggglf73 1 k  im  i EEEEQiE,
NW,185%,,Q3kl35r3ii3iiffiaggyggg
,IHTi,19 Gotcha,HFINISHED
mg ,LM ,19 Gotcha,FINISHED
mg ,n24,19 Gotcha,FINISHED
mg ,tum,19 Gotcha,FINISHED
mg ,fEllllj,19 Gotcha,FINISHED
mg ,tum,19 Gotcha,FINISHED
mg ,fEllllj,19 Gotcha,FINISHED
mg ,tum,19 Gotcha,FINISHED
WWI,TEIIf,IfWTENTERING m,IIIIIEZONirvanaum
II,I1IVIHII I  I,W,
532%,RSRS3,W,
532%,RSRS3,W,
532%,RSRS3,W,
Eiiifiiifii,29253,W  ,
,,   Pi,
185%,L1ai5%,   Pi,mmjf 
185%,190%,,
185%,190%,  Li A,SWHFTnEIZ
185%,190%,   vr  ,
185%,190%,    I,
185%,190%,   ,
185%,190%,  r,
185%,190%,x   y,
185%,190%,, v  r
185%,190%,30   5 1,
185%,190%,,A
185%,190%,A, 
178%,182%,, O u  Pt
178%,182%,,WWlnrulmTl
178%,182%,mwnrcznw,lama
178%,182%,1n1,  L IIHzl
178%,182%,iIngIA,wrilulwn
178%,182%,     ,fIII III I
178%,182%,u,J
178%,182%, y M, 
178%,182%,u, %
178%,182%,u,
178%,182%,DZ,h
178%,182%,  mu, %4
178%,182%,,
178%,182%, gg  m,urnl hl
178%,182%,h  3 Ad,llrrII anI uI
159%,162%, Jr,CIEiTIEIIIf
159%,162%,a   In,urnI InI
159%,162%,I  3 All,IrrII Wi nI
159%,162%,,LEIIIIIJIEIEIFEH
159%,162%,,IIIIIV
95%,98%,LEL,I NL V E
95%,98%,,
95%,98%,,
E,lullllll,I H g m Nirvana,iHIIINISHEDI
WA,MM,20 Nirvana,FINISHED
WA,TH,20 Nirvana,FINISHED
WA,teumi,20 Nirvana,FINISHED
WA,team,20 Nirvana,FINISHED
WA,teumi,20 Nirvana,FINISHED
WA,team,20 Nirvana,FINISHED
WA,teumi,20 Nirvana,FINISHED
WA,team,20 Nirvana,FINISHED
WW5,1w,ENTERING,21TheCatacombs
WWX,EiffEliYJTig,M4 amml,49991u4mff15r533WW
mm, 1   3 1 34,Xi   H  7A, rs I l IHr
95%,98%,3 I, 1 MLW
95%,98%, 3 Li,H Ef 
95%,98%,  l,
95%,98%,Ia WH,
95%,98%,  III mm,Ilmriiufl
95%,98%,II,I 
95%,98%,MIIIwH  V,J l
95%,98%,,
95%,98%,,III
95%,98%, I,Vllwlffizll
95%,98%, n  HH H    EZ  L L2T ,
95%,98%,,
95%,98%, Imwwm,
95%,98%,umrmm,Hilr
95%,98%,, 1 
95%,98%,,MNHWZII
95%,98%, ,tl  OI
83%,86%,,
82%,84%, , 
82%,84%,ru    I,I
82%,84%,I,  AEILI
82%,84%,f   7 I,rlthlnlI
82%,84%,    7 I,7aEII  I
82%,84%,f Ag   I,TIAE II I
82%,84%,      ,
82%,84%,,
82%,84%, IJ,iX III
82%,84%, ,l
82%,84%,Dii V n,
82%,84%,     ,
82%,84%, ,H
82%,84%, ,n
82%,84%,I,i
82%,84%,I  ,MLImm
18%,20%, IanuI ,
18%,20%,mmThr,LII
18%,20%,uum m JnL,u
18%,20%,,uNlIMMHS
18%,20%,II 5  ,I
18%,20%,,
18%,20%,L1,ifuquli f 1 g qf f 
18%,20%,,
18%,20%,,imxA
18%,20%,n15 3y     f  nJiv nu r,
11%,37%,, Inuacir n 1j1s u IyIIu n x
10%,35%, , 1 44
10%,35%, i    IA FL    1 4 1,lxillifliffH7
1%,26%,Bum,Ini fl 
1%,26%,,
1%,26%,,
0%,2%,iIm m 1 ,
0%,2%,,EAE
0%,2%,,
0%,12%,1 ml,Fl
0%,12%,wml    ,m u
0%,12%,,I HI
H ,H55,21HThelCQtacombs,IIHHEIIHEDII
mg  ,,21 The Catacombs,FINISHED
mg  ,tum,21 The Catacombs,FINISHED
mg  ,femur,21 The Catacombs,FINISHED
mg  ,TERM,21 The Catacombs,FINISHED
mg  ,femur,21 The Catacombs,FINISHED
mg  ,TERM,21 The Catacombs,FINISHED
WW5,,m ENWG,  1%BariizlszFun
IF,, l i F iT EiW iaTMEEWE,WILIHEMILIHEWI
0%,12%,Lillle l i F iEilEiaEWEmh,WILIHEMILIHEWI
0%,12%,,
0%,12%,,
0%,12%, ,h
0%,12%,,i
0%,12%,,
0%,12%,mic   ,
0%,12%,,
0%,12%,I,HI
0%,12%, l 1h  ,
0%,12%,,
0%,12%,IIIIIAW,
0%,12%,,Tl T1 
0%,12%,LEL,lE
0%,12%,Av  2 1le,
0%,100%,,
0%,100%,,
0%,100%,,
0%,100%,a n ,9   55h hn I
0%,100%,     if ,Wl x l QT x 
100%,100%,,alurl
100%,100%,Frnryvn,
100%,100%,,lE
100%,100%,,
100%,101%,,
96%,93%,,
96%,93%,,
96%,93%,firm m,h J
96%,93%,  ,lun
96%,93%,I 1 ,
96%,93%,,
96%,93%,  ,
96%,93%,,
96%,93%,  ,
96%,94%,,
96%,94%,,
96%,95%,ti 597g 51    I,w
96%,95%,l   I r ML m r  il,
96%,95%,  I,1 x 1rm
96%,95%,,XAI
96%,95%,  A,W u 4Z
96%,95%,F, 
94%,91%,l    , 17
94%,91%,,
94%,91%,,
92%,87%,I II IUI If FUIsIC lIc w,Judmii
200%,200%,err I  ,NLIJNVJ
200%,200%,,
200%,200%,r i  Liijf  I I    I 1  11 7     I ,
200%,200%,a,In
200%,200%,,
200%,200%,,Hyei  Y fi f At ii ja
200%,200%,,
200%,200%,, 5lI % 1ifL3m1i rll
200%,200%,,
200%,200%,,I
200%,200%,,3%17343
200%,200%,    355353    ,
200%,200%,     7,
200%,200%,,
200%,200%,,
200%,200%, i   L      yiif ,
200%,200%,kify ri5%%%E5,HE
200%,200%,,
200%,200%,,A
200%,200%,luwmt   ,I
200%,200%,,
200%,200%, Immmu ,imWQEEEfTEEE  
200%,200%,,nggmiw
200%,200%,    Jf,
200%,200%,      ,
200%,200%,     ,
200%,200%,,
200%,200%,,
200%,200%,l,
200%,200%, Innm F,A Eiiiigb iilial V
200%,200%,7mm ,
200%,200%,ITEITI,l
200%,200%,H,M7
200%,200%,lik ,IIg H IH3JEg im 
200%,200%,Mk ,imlulfhm 
200%,200%,llkxm,ElEsxglliiiilmn
200%,200%,m1 1 14 gig,
200%,200%,ir ,
200%,200%,IF NH ,llhitEiiiEl
200%,200%, ,
200%,200%, ,l
200%,200%, 1,mumlelelz
200%,200%,Iii IH Til H,gJNIiKWI
200%,200%,A12 WI,MIMI
200%,200%,will I,Wllvl
ITH,ifhW4,Im prrels m Fun,
rIIIRk ,My,22 Barrels 0  Fun,FINISHED
WA,rm,22 Barrels 0  Fun,FINISHED
WA,femur,22 Barrels 0  Fun,FINISHED
WA,fellllj,22 Barrels 0  Fun,FINISHED
WW5,1w,ENTERING,23TheChasm
LWM,ilgffiir,  Jena,imian
,200%,  Jena,
200%,200%,I   I,
200%,200%,IWIV HIV,ulul
200%,200%,i  A I I,II
200%,200%,k lili il  m1 4, 11
200%,200%,iEizitin% 313 T A,mwiilulv5
200%,200%,,imaging
200%,200%,,
200%,200%,,iIi g 2 t Ej2Kir1 Eim
200%,200%,,
200%,200%,IEH 57f  1  i l,Nvl34vv F
200%,200%,   I 7 ,Wit
200%,200%,wry,
200%,200%, ,
200%,200%,,
198%,197%,       7  I,
198%,197%,,
196%,194%,Isl I t r,I Iv 
196%,194%,,
194%,191%, 1  9       i,
194%,191%,7%    v3 ,
192%,188%,WSWU    ,mmiflurq
190%,185%, WW   V5 ,EWEECag
190%,185%,,
188%,182%, 7 Rig ,
188%,182%,   i   ,
188%,182%,run,IL 
188%,182%,,
188%,182%,L,
188%,182%,,
188%,182%,,
188%,182%, ,
188%,182%,  11 9 1   % 19% 3 ,
188%,182%,,
188%,182%,   ,
188%,182%,,   
188%,182%,,ggwii
188%,182%,u,  
188%,182%,A,
188%,182%,7,
188%,182%,,
188%,182%,A,
188%,182%,k A,
188%,182%,LEL,Fasrlzwe
188%,182%, ,m
188%,182%,,
188%,182%,A ,
188%,182%, v,b
188%,182%,, 
188%,182%,,h
188%,182%, ,
188%,182%, ,F
188%,182%, ,
188%,182%,,
188%,182%,,I
188%,182%,m 1M%E%M ILL,WEMHWWW
188%,182%,  ,5
188%,182%,,
188%,182%,R333,
188%,182%,P Q gym ,m
188%,182%,,
188%,182%,21 %1 LE    niitlfgujli,arngithMma
188%,182%,3 I 371,thIIE i JtI
188%,182%,IAJ 5 I,I
188%,182%, ,
188%,182%, ,
188%,182%, ,1L1
188%,182%, ,
188%,182%, , H
188%,182%,, 
188%,182%, ,l2me
188%,182%,,
188%,182%,um I  rim I,
188%,182%,A   Mih ,
188%,182%,,1l5rnll
188%,182%,f ViWMlllik Will,llniizi
188%,182%,I I Fl Riki,ILILQHIEIH
188%,182%,35675 154,
188%,182%,vsz 4y   1,H
M, i1wW,23 The Chasm 4m,IWIIIEIEWT
PFFil,T Ek i ,23 The Chasm,FINISHED
mg ,T H ,23 The Chasm,FINISHED
Wu,tum,23 The Chasm,FINISHED
Wu,tum,23 The Chasm,FINISHED
WXM,1w,ENTERING,24Bloodfalls
,WNW,inn II II Jim,AMMMEE
188%,18THL2HI ,rgi  ii iii      ing   51f,f9  1  j 1 xjg  it 1 AL
188%,182%,,
188%,182%,,
186%,179%,,MMHIJAIG
186%,179%,T Ind,flimvilh
186%,179%,any     ,
184%,176%,34 11   r,
184%,176%,,
184%,176%,i   95W7i 33il1  ,I
184%,176%,,
184%,176%,,
184%,176%,,
184%,176%,    n       I n,
184%,176%,,
184%,176%,7  ti       I I  l  I    jl ,
184%,176%,  x ,
184%,176%,f  I    1       if 31   5 I      n If y I,
184%,176%,I Ff   FIZ r fl l   a  , 3Ii r 
184%,176%,    33in,amt
184%,176%,     mun,iIIl Imiigrjniaiwlgzui
184%,176%, ,I
184%,176%,If i    5 f i  Q  %,I iI itf  i iunl IJLZJu  i g iIII1  vJIj
184%,176%,  II CLUE SKULL KIV  I,Ii
182%,173%,,
182%,173%,IIquIItilET t1 ,r7 mrn
178%,168%,  I EH HZIUYI,  5l% l3
178%,168%,1,
178%,168%,i    Wm    3 3 gfo  a JWAi,E   r n1 1  l
178%,168%, MI Elm, f T   I VIEIgiaJI5l
178%,168%,,
178%,168%,,
178%,168%,himhri    v ,
176%,165%,,lE 
176%,165%,h,i I 
168%,155%,,
168%,155%,,
168%,155%,    %,
168%,155%,,Irnllmi
168%,155%,,H 
166%,152%,, 11 2
166%,152%, %  r,
166%,152%, J,15%EETIJHHH
165%,150%, 27% J x ,
161%,145%,,1 1 3Il
158%,142%,J    i,
157%,140%,im Im34%234i5333431337 5w 5, n iw r
147%,129%,  Hifiai  1,
147%,129%,I i W     Jig,yfaa
147%,129%,gj MID,
147%,129%,,
147%,129%,,
147%,129%, WI    V  m,Lari
147%,129%,W V A,hays
147%,129%, 1 V 3,
147%,129%,l H ICfiiri,mwrim
147%,129%,IEYI  1W,3 l  PFJ  lKI
147%,129%,I I,
147%,129%,,
131%,112%,,
130%,110%,,Niffiffimriqu
130%,110%,  rm,
130%,110%,,
126%,105%,,M
126%,105%, RR    4libll ,
126%,105%,,
126%,105%,,
126%,105%,  2  II   ll   l L  v I ,
126%,105%, ,  I%
126%,105%,im ,
126%,105%,,
126%,105%,2% jag   v  ,
108%,84%,   ,
108%,84%,m,m
108%,84%,113  2,
108%,84%,,
108%,84%,,VHH
108%,84%,jwmn I, ijViM lif T4  Q t 3 S 
108%,84%,,WEEKEagvgiit9gwigE2133
108%,84%,,
108%,84%, M  ,M   lliL
108%,84%,K I72,
108%,84%,F W ,hk     iliEr  4  M  
108%,84%,JP WMI,
108%,84%,,IAbjuichirfgietiflgjlnrlltwl
108%,84%, 215 ,
108%,84%,F W  A,
108%,84%,F w  A,
108%,84%,F    A, 1   3 
108%,84%,F    A,
108%,wok,IIIT Ill u TuI,
HIT ,M,24 Bloodfalls,FINISHED
mg  ,TEA,24 Bloodfalls,FINISHED
mg  ,TEA,24 Bloodfalls,FINISHED
WW5,1w,ENTERING,25AbandonedMines
W333,,at u,
108%,Jtluufnm,a,W17le
108%,84%, ,n
108%,84%,   r Xsillrl,ilflllllliig  Mllllil
108%,84%,Mm          WM,Illlll lllllII
108%,84%,,
108%,84%,I,t 
108%,84%,n,
108%,85%,,IIWTIHI
108%,89%, IntIIm,
108%,89%,,
108%,89%, In1lm  ,UIJHGMMII
108%,89%,,Juv   l r
108%,89%,  i,In
108%,89%,5, i l
108%,89%,r,II
108%,89%,,
108%,89%,rum,
108%,89%,,n u
108%,89%,,IIHIJI
108%,89%,,
108%,89%, , 
108%,89%,iIlla ulu ulu uL,
107%,87%,       AJHHV I,gEiiEEWEEngEELEEW 1
107%,87%,N % HHME,WJWHi
108%,87%,Wmnr J,ul IIIIIml
108%,87%,Trmw z,IIIIIYLH
108%,87%,,
108%,87%,,
103%,82%,l  ,
103%,100%,Ivumn W,mi
100%,97%,,
100%,97%,uuqi 1  ,ll
100%,100%, Im  o,IiirfviiigiJMTWI
100%,100%,3333 045% ,
100%,100%, 5 Fa,LHIHLI
100%,100%,,WVLQCJ M
100%,100%,V II   I,
100%,100%,,
96%,95%,        ii 73334 qulz,FKH
91%,90%,l,
91%,90%,Lilllis4 f  7  Igriiilllll,WIIIEEaHQiiIIIIIIIIU
91%,90%,IHQ hHU I IIUUz,ll
91%,90%,El,IIIJ
91%,90%, liil,I
91%,90%,,vl l Wl
91%,90%,,q m il f lav
91%,90%,,
91%,90%,,
91%,90%,,
91%,90%,,
91%,90%,m 3W2 2% WW 4,cEiakzXoigffaigsigfivi
91%,90%,   A   ,
91%,90%,,
90%,88%,  s  ,
90%,88%,iii   if,
90%,88%,  ,
90%,88%,IE I I iI ii Ii fYr 3V ll,IEEHIEWMWII
90%,88%,1 n I  ,IIIIII 
90%,88%,,
90%,88%, 71593431 ii     ,
90%,88%,7%fo10 2 7387733537 72 A,
90%,100%, f mg   f P   V   ,W759%5VWWEIL
90%,100%, 4L    ,
90%,100%,Invm a  ,I
90%,100%,,
90%,100%,IN QM  z f%  % i,
90%,100%,I Ixmwf i  l,I JJ
85%,95%,IIII,n
85%,95%,  II IUI UP IULLI I3 , 
85%,95%,,mylpji th  iifr
85%,95%,umvm,M  lg i I HVl
85%,95%,,Ll
86%,95%,  III HINUKITfIw  ,EIIIETII
87%,95%,Hum   DE,HIMF
87%,95%,  4Q Agni,IIIWJEELHIIIIP
87%,95%,I I l i i in iwi ,
87%,sang,Haw m   ,
milifl,ii9I   i3Ii3 3 ,25 Abandoned Mines,FINISHED
mg,TH,25 Abandoned Mines,FINISHED
WA,tum,25 Abandoned Mines,FINISHED
WA,TERM,25 Abandoned Mines,FINISHED
WA,tum,25 Abandoned Mines,FINISHED
WA,TERM,25 Abandoned Mines,FINISHED
WA,tum,25 Abandoned Mines,FINISHED
mg  ,TERM,25 Abandoned Mines,FINISHED
mg  ,tum,25 Abandoned Mines,FINISHED
mg  ,tum,25 Abandoned Mines,FINISHED
mg  ,tum,25 Abandoned Mines,FINISHED
WW5,1w,ENTERING,26MonsterCondo
mm,FTWKX,m, V I tIh iVJtin d JWI
87%,95%,m, V I tIh iVJtind JWI
87%,95%,lsy    3 4   %  if hi 3 Hi lug i E, 
87%,95%,a   53% %3 ade 1 7 % i  ,
87%,95%,   Pi,
87%,95%,   Pi,
87%,100%,, 
87%,100%,la 15 5  ,
87%,100%,  II El IHJIIBK ,ITrill
87%,100%,IWIEM  z I III   ,i   liji iIlllllM
87%,100%,,  4 5 3 % 3
87%,100%,373% 48L  u% n  n  59   11 1 362792   471,
87%,100%,,nlll
87%,100%,,IIEJTWII
87%,100%,  CHM I,
87%,100%,,lliigyig
87%,100%,A i,
87%,100%,,
87%,101%, ,a
87%,102%,H, 
87%,102%,,
87%,102%,,  IIr ll i l77Il
87%,102%,,
87%,102%,,
87%,102%,1,
87%,200%,m n wli l  I  3 I,  I Wl H llIlI
87%,200%,KAI,
87%,200%,1351333   I,I I hI1I
87%,200%,,Pi
87%,200%,    I L,
77%,190%, f   JV,
77%,190%, w    AF Il  I I,r h   grwllI
77%,190%,     V V V ,
77%,190%,In,u
77%,190%,,X1113
77%,190%,Ia 1 1,IL
77%,190%,l I,I n
34%,146%,r 11  m2,ailJLmLEI
34%,146%,I 1l,4 L%Fts ll 
34%,146%, 1l , 11
34%,146%,PII   74M PF ,  i I wYHl  FllI 
34%,146%,l Il I  3l I   I,llHalmHl
Eh,LI,26M9nster ,
,,26 Monster Condo,FINISHED
mg,TH,26 Monster Condo,FINISHED
mg,fellllj,26 Monster Condo,FINISHED
ngx,1w,ENTERING,27TheSpiritWorld
,717241, ENTEm,Yamespmgmm
ILMIILE,rrw,,
34%,146%,,
34%,146%,,
34%,146%,QA    i   ,
34%,146%,,
34%,146%,,I
34%,146%,, 
34%,146%,,
34%,146%,,
34%,146%,,
34%,146%,  ,
34%,146%, , I
34%,146%,I 30 ,EiilMIMMEfI
34%,146%,nu h1JI,
34%,146%,,
34%,146%,,
34%,146%,,
34%,146%,,
34%,146%,,
34%,146%,,
34%,146%,,
34%,146%,  ,
34%,146%,,
34%,146%,,
34%,146%,,
34%,146%,,
34%,146%, ld m,
34%,146%,mum if,52313 342 2%3%5 %13 iai%a%rfs%i
34%,146%,   ll  1 ,
34%,146%,,
34%,146%,,W3W3311M
34%,146%,,
34%,146%,,
34%,146%,,
34%,146%,,
34%,146%,  I 1m  , L 1 A  W
34%,146%,  I In WI El WWI I f,AMWWW
34%,146%,wmmm  IL,AAMQJHPHIIII
34%,146%,, leiIeIlWHIJlJ
34%,146%,lum,INWHIHM
34%,146%,I EIIIIHL,IIINJIMA
34%,146%,ms 5% n i ran ar,3H  a  fI nt j s3Ju
34%,146%,  1W,Jlll
34%,146%,mmwmwa l,
34%,146%,,im  gg mUZ
34%,146%,EELEEZQEZdEZE,mgggggggg
34%,146%,Rifiaf 233i 3,
34%,146%,SEESWW ,
34%,146%,m z i ,
34%,146%,37213 2% 71% gljifi,
34%,146%,,
34%,146%,  H m m if,
34%,146%,w m,
34%,146%,, lo 
34%,146%,, 1 
34%,146%,,
34%,146%,  ,
34%,146%,t   W,
34%,146%,,
34%,146%,311113  C612,IIHIHTIEEIJ
34%,146%,,
34%,146%,,isggggfiEWEEsMiE
34%,146%,,
34%,146%,,
34%,146%,,
34%,146%,,
34%,146%,gagwm ,w  mutAIf V  Il T o 
34%,146%,IIIIII EH,illlIl
34%,146%, l r,
34%,146%,3  I 515 M1  a,IfIEIFEMEEEEEl Jiliti
34%,146%,IIA4n M nun, IA
34%,146%,,
34%,146%,,
34%,146%,,
34%,146%,,
34%,146%,  ,L
34%,146%, ,
34%,146%, ,
34%,146%,,
34%,146%,if ,
34%,146%, 433% v 313 ,
34%,146%,,
34%,146%,,
34%,146%,,
34%,146%,Fa EHTWS,
34%,146%,LFu HI WT ME,JIIWWQ
34%,146%,,
30%,141%,im Til 1,
30%,141%,i mumrwzsz,FUJHTM Wc
30%,141%,nIlH 12  ,u th ix
30%,141%,515 5g  33 I a,1mm
17%,127%,32% 9 ,
11%,121%,     J  Awm,
11%,121%,w,
11%,121%,  2   thmZSiiiJTEEQI  7   ,II
11%,121%,Mullah A,
11%,121%,IITI HH,1n  
11%,121%,KIWEINENDY LfLL  V  7,WM 
11%,121%,,
,1%ng,uD SpiritI Wm Id,THEIqu
4me,Illll,27 The Spirit World,FINISHED
mg  ,T H ,27 The Spirit World,FINISHED
mg  ,Emu,27 The Spirit World,FINISHED
WW5,1w,WWTERING  ,23WeLivingEch
IiW  g5 F,m1, 33  i 55  9er 213 2,    r   i332646t2ru 5ag%
11%,121%, 33  i 55  wgfi 213i 2,
11%,121%,31 AI,HWWTIHJ
11%,121%,Ki 4 My III,R f1l  VI J 
11%,121%,WEN 2% ll,  2  7   1 1lI
11%,121%,imam 33h, l H lh1ll
11%,121%,P IN 2 131 I H II,iLHifilHHTII
11%,121%,MIMI if,
11%,121%,HJnHKFhI JIJ,mwtcwiw
11%,121%,5E1 WW I,uCIVMMJI
11%,121%,hidile In,IEEJWIKV 
11%,121%,RE   3 E 5 J ttfu fzg ,thf tlgtfn rw f t 3
11%,121%,,
11%,121%,I,ix    lI I
9%,118%,i     , ht5JETntZ1ii 
9%,118%,,
7%,115%,,
7%,115%,I,l
5%,112%,,
5%,112%,a, F
0%,102%,,Tl T1 
0%,102%,LL  ,li
2%,104%,I,BI 1 102  s f 23g itf% i
2%,104%, ,
2%,104%,I I   so is a f,Pm3935ii3L3in5jEsngiiEQt
2%,104%,,
2%,104%, IZ,
2%,104%, ,
2%,104%,,
2%,104%,J,n
2%,104%,,F  
2%,104%,IIKT I,I
0%,85%,t1    ,   4 l h t ox lx  x 
0%,85%,I I, 
0%,89%,,
0%,89%,,
0%,89%,In,% g nIfn2jn  
0%,189%,I   f Ft e ,lh EI X 
0%,189%,,
0%,189%,,Ii
0%,189%,,
0%,189%,,
0%,189%,,ll
0%,189%,,
0%,189%,,I
0%,189%,,
0%,189%,    ,ilt4 ll Iga
0%,189%,  17 11   33 f ,
0%,189%,i at 1% A ,
0%,189%,        I  x121   v, l f y 
0%,189%,,
0%,189%,l   36 1 RI,
0%,189%,HE J   35 I,ifflggilw
0%,188%,K   v  ,
0%,188%, MA M   I I,
0%,188%,1  ,AbQEVI
0%,188%,,
0%,188%,        ,
0%,188%,HE   Q3,
0%,188%,,
0%,188%,,
0%,188%,,
0%,188%,,
0%,188%,,
0%,188%,        f   ,
0%,188%,5 I,
0%,188%,I AJF,
0%,188%,,
0%,188%,  A,
0%,188%, i ,
0%,188%,g   57%,
0%,188%,d,
0%,188%,,Orv
0%,188%,,ll
0%,188%,,
0%,188%,,fI AlQW
0%,188%,gill I  ,
0%,188%, MALI,fiEkVHfUE
0%,188%,,fizwafrizti
0%,188%,,
0%,188%,,
0%,188%,I II HEJJLQ,illflleWEIi
0%,188%,fLIn i17,I
0%,188%,  ,
0%,188%, ,
0%,188%,JulNif w,nL   nHa
0%,188%,IE,I n f
0%,188%,  JQZIJ,Iul HlI
0%,188%,um       19 225132,In
0%,188%,,
0%,188%,  F     f 7,
0%,188%, 5  zjfj  if  ,
0%,188%,,I5TJJT4
200%,188%,t       ,
200%,188%,,
190%,178%,  IHI NIUHHHNUdi n,Wim f 1f
190%,178%,WTW lanT,FLINLTCII
190%,179%,7  m m in 3 31345552,EngngiEETVTTiiZESi
190%,179%,If mm m  sf 46 i V,
190%,179%,,
190%,180%, Iu1lm,
190%,180%,A,
190%,181%,,
190%,182%,,
180%,172%,vuhnm,
180%,172%,lTnm  ,Im  a mm 3 Ij
180%,172%,,uTIEZfTT
170%,162%,,
170%,162%,,thirI  ItT ij1z hT vggggfzjigg
160%,152%,,
160%,152%,In,It
160%,152%, ii,
160%,152%,95  i7ii5 94  2 733  i3 rl1f,
160%,152%,  f   ,
160%,152%,,
160%,153%,Ijzlwwiz A M f If   iElfvfgiix,
160%,155%,,
161%,155%, A H,leUt
154%,144%,   ,
147%,136%,L,j 
147%,136%,,9i353 3%%3%%%32733ti1
140%,128%, mm1 l,Lu 
140%,128%,,
140%,129%,13 71 45 47Lcm L I ,
140%,130%,,
140%,130%,,
140%,130%,,
140%,130%,,
140%,130%,Idrfuh,IFII5
140%,130%,a    m u,
140%,130%,HHii12Id  l  l  i,IWKEIIJxImIfid
140%,130%,m9 Ii   I, lHMW l lg IME
140%,130%,  ,
140%,130%,ll   %3er 2 %1% % stir   ,II     F Vg3
140%,130%,A I n  II E,elbllllileilmii
140%,130%,I ll 3   Ilimw,
140%,130%,I V i M ,l J% f l%IiifIm
140%,130%, ,
140%,130%,,Zi I l f I li x JTHE
140%,130%,I   1 Im u ,
140%,130%,  I ,
140%,130%,,
140%,130%,,
140%,130%,,
140%,130%,Iliad  1  I lip    ,
140%,130%,2y      w,
140%,130%, nl,iIfIIIil
140%,130%,ll     i ,Fi ilfIlW  I
140%,130%,,WIEMIEiIZiIH
140%,130%,I HE 1343,IEEHEP
140%,130%,,
140%,130%,Iii  i2 11% 1IA% h E I,
140%,130%,1 II,MI4 LL  11UIA Viriirl y
140%,130%,I 2Qim1   ,
140%,130%,1f VFMF  I   1J1   I I,HmiIr
140%,130%,KEEP     l  illiffil,azmrl I ei ia1  IhIn
140%,130%,,
140%,130%,,nEWIILI
140%,130%, H w,
140%,130%, 1hf 5   jjz    1  Oili Li Lva   ,
140%,130%,, 51
140%,130%,n All,stung
140%,130%,D,
133%,122%,Kmmn,Ivi vw 14xa1ng
133%,122%,     3t  i  i t,
133%,122%,,
133%,122%,,
133%,122%,, 
133%,122%,,
133%,122%, g      Fl   l  ,
133%,122%,, L  vi ij li j  nl
133%,122%,mm III,
133%,122%, u   Vfrr   V,
133%,122%,  xv  ,Ilgjoj  d2 A 
133%,122%,,ISQZJ 
133%,122%,  PiF,
133%,122%,1 1 5 7    w,iTL Kl  H
133%,122%,1 1 5 7    w,
133%,122%,175   i,Iiifnn  i
133%,122%,%   ZI  I i I  1 8  ,
133%,122%,1,
133%,122%,,
133%,122%,iiziii  13%%3me Emilia,
90%,79%,1%,aimm%mmz
90%,100%,I I WII t  ,
90%,100%,,
90%,100%,mer  ,I
86%,95%,1   ,
86%,95%,  M zi KM,
86%,95%,, I 
83%,92%,,
83%,92%,, 
74%,80%,  ,
74%,80%,ll   P %  ,
71%,77%, Iifn II  J ,4  x v 2x 4 x krki aiI
71%,77%,,v f   I
60%,64%,,
60%,64%,  whim,
60%,64%,7,
60%,64%,,
60%,64%,  III IIQIIY LILL ,
60%,64%,,
mil,,IV   EMU,1JyTTIIIIT
,1ft,28 The Living End,FINISHED
mg ,TH,28 The Living End,FINISHED
mg ,rm,28 The Living End,FINISHED
mg ,TEIIII,28 The Living End,FINISHED
mg ,EDII,28 The Living End,FINISHED
mg ,EDIE,28 The Living End,FINISHED
mg ,EDII,28 The Living End,FINISHED
mg ,EDIE,28 The Living End,FINISHED
mg ,EDII,28 The Living End,FINISHED
mg ,EDIE,28 The Living End,FINISHED
mg ,EDII,28 The Living End,FINISHED
mg ,EDIE,28 The Living End,FINISHED
mg ,EDII,28 The Living End,FINISHED
mg ,EDIE,28 The Living End,FINISHED
mg ,EDII,28 The Living End,FINISHED
mg ,EDIE,28 The Living End,FINISHED
mg ,EDII,28 The Living End,FINISHED
WWA,1w,ENTERING,29lconof8in
K9ET5IaFiir ,7513335121,any 4 I1,
Sigurd,m64%,,
60%,64%,Ilia  I,awn
200%,200%, ,
200%,200%,Viv,L 
200%,200%,,
200%,200%,,
200%,200%,,IRMA
200%,200%,5 HS L,inltl
200%,200%,  m  aigg1 f  I   I II I I,
200%,200%,,
200%,200%,    ,
200%,200%,,Wikjgw
200%,200%,LHIHMLH L t,Wklth
200%,200%,,
200%,200%,Iv  I  I2 l  i I,
200%,200%,,
200%,200%,,%% 2 fi  3l19 n  
200%,200%,,
200%,200%,,
200%,200%,r II,
200%,200%,, irilwrivitl2 iifth rg jI 
200%,200%,,
200%,200%,, x nirifIb5 lw
200%,200%,  s      ,
200%,200%, A, 3 3  
200%,200%,A I,iafgyxgmgj
200%,200%,233 %1i iii if TR,ISWHWHFT
200%,200%,I J,IA
200%,200%,, 
200%,200%,,IvaxridgiitfiVArifo uF
200%,200%,     i  i ,
200%,200%,I, k 
200%,200%,,
200%,200%,,
200%,200%,    i  ,
200%,200%,,
200%,200%,,
200%,200%,,
200%,200%,,
200%,200%,361 as A    i,
200%,200%,  54w    A   43VIII  r W w1i,
200%,200%,,
200%,200%,,i mwwj
200%,200%,I   Hun ,
200%,200%,lag  gzti II,
200%,200%,IEHEWFWEEE5931437IQHEIEEigm,
200%,200%,IMEEEEIHWQEWlimwil,
200%,200%,    it,
200%,200%,,
200%,200%,lukun in V r  J V J h  II  3 r    3 ,IiVHNanl
200%,200%,,IiiI3iiii5hiiTvViQSEMEAAEiHI
200%,200%,,
200%,200%,,
200%,200%,,
200%,200%,,EWELEKiimmiiifggiflwiii
200%,200%,ZIBVYII,
200%,200%,  ,
38%,38%,  1 I, 
38%,38%,  ,
36%,35%,ggiiiZQ II,Mlllllmii2 j 3  i  g
36%,35%,O t l,
34%,32%,m  ,m1A L4
34%,32%,,
32%,29%,m,m
,,wig Icon of Sin,IINISHED
mg  ,,29 Icon of Sin,FINISHED
mg  ,T H ,29 Icon of Sin,FINISHED
mg  ,r524,29 Icon of Sin,FINISHED
mg  ,femur,29 Icon of Sin,FINISHED
mg  ,TERM,29 Icon of Sin,FINISHED
mg  ,femur,29 Icon of Sin,FINISHED
mg  ,TERM,29 Icon of Sin,FINISHED
mg  ,femur,29 Icon of Sin,FINISHED
mg  ,TERM,29 Icon of Sin,FINISHED
mg  ,femur,29 Icon of Sin,FINISHED
mg  ,TERM,29 Icon of Sin,FINISHED
mg  ,femur,29 Icon of Sin,FINISHED
mg  ,TERM,29 Icon of Sin,FINISHED
mg  ,femur,29 Icon of Sin,FINISHED
mg  ,TERM,29 Icon of Sin,FINISHED
mg  ,femur,29 Icon of Sin,FINISHED
mg  ,TERM,29 Icon of Sin,FINISHED
mg  ,femur,29 Icon of Sin,FINISHED
mg  ,TERM,29 Icon of Sin,FINISHED
mg  ,femur,29 Icon of Sin,FINISHED
mg  ,TERM,29 Icon of Sin,FINISHED
mg  ,femur,29 Icon of Sin,FINISHED
 , , , 
 , , , 
 , , , 
